INSERT INTO patient (id, num_secu, cle_secu, nom, prenom, date_naissance, adresse, telephone, parent_id)
VALUES 
(1, '2850310123456', '12', 'Durand', 'Alice', '1985-03-10', '1 Rue de la Santé', '01 23 45 67 89', NULL),
(2, '1901010234567', '34', 'Dupont', 'Jean', '1990-01-15', '2 Avenue de la Santé', '02 34 56 78 90', NULL),
(3, '1780051254211', '01', 'Robert', 'Luc', '1980-05-28', '5 Rue des Soins', '05 67 89 01 23', NULL),
(4, '2511210234572', '45', 'Lefevre', 'Sophie', '1975-12-01', '7 Boulevard des Analyses', '07 89 01 23 45', NULL),
(5, '1921111023457', '89', 'Durand', 'Paul', '1992-11-08', '9 Rue des Résultats', '09 01 23 45 67', NULL);

INSERT INTO patient (id, num_secu, cle_secu, nom, prenom, date_naissance, adresse, telephone, parent_id)
VALUES
(6, NULL, NULL, 'Durand', 'Arthur', '2010-05-15', '1 Rue de la Santé', '01 23 45 67 88', 1),
(7, NULL, NULL, 'Durand', 'Émilie', '2012-08-22', '1 Rue de la Santé', '01 23 45 67 87', 1),
(8, NULL, NULL, 'Dupont', 'Sophie', '2015-02-18', '2 Avenue de la Santé', '02 34 56 78 91', 4),
(9, NULL, NULL, 'Robert', 'Marie', '2010-10-08', '5 Rue des Soins', '05 67 89 01 24', 5),
(10, NULL, NULL, 'Dupont', 'Marie', '1985-09-18', '6 Avenue des Examens', '06 78 90 12 34', 2),
(11, NULL, NULL, 'Martin', 'Lucas', '1988-04-05', '8 Allée des Prélèvements', '08 90 12 34 56', 3),
(12, NULL, NULL, 'Lefevre', 'Emma', '1982-06-15', '10 Avenue des Factures', '10 12 34 56 78', 4);

-- Insertion des ordonnances
INSERT INTO ordonnance (id, patient_id, date_ordonnance, date_prelevement)
VALUES
(1, 1, '2023-10-05', '2023-10-10'),
(2, 2, '2023-10-08', '2023-10-15'),
(3, 3, '2023-10-12', '2023-10-18'),
(4, 4, '2023-10-15', '2023-10-20'),
(5, 5, '2023-10-20', '2023-10-25'),
(6, 6, '2023-11-05', '2023-11-10'),
(7, 7, '2023-11-08', '2023-11-15'),
(8, 8, '2023-11-12', '2023-11-18'),
(9, 9, '2023-11-15', '2023-11-20'),
(10, 10, '2023-11-20', '2023-11-25'),
(11, 1, '2023-11-25', '2023-12-01'),
(12, 2, '2023-12-01', '2023-12-08'),
(13, 3, '2023-12-05', '2023-12-12'),
(14, 4, '2023-12-10', '2023-12-17'),
(15, 5, '2023-12-15', '2023-12-22');

-- Insertion des types de résultats
INSERT INTO type_resultat (id, libelle) VALUES 
(1, 'bornes'),
(2, 'simple'),
(3, 'texte libre');

-- Insertion des libellés de type
INSERT INTO libelle_type (id, libelle) VALUES 
(1, 'Borne inférieure'),
(2, 'Borne supérieure'),
(3, 'Valeur'),
(4, 'Texte');

-- Insertion des actes médicaux
INSERT INTO acte_medical (id, libelle, prix, depuis_le, type_resulat_id)
VALUES 
(1, 'Na', 30.00, '2023-01-01', 1),
(2, 'K', 30.00, '2023-01-01', 1),
(3, 'Cl', 30.00, '2023-01-01', 1),
(4, 'Hb', 40.00, '2023-01-01', 2),
(5, 'Ht', 40.00, '2023-01-01', 2),
(6, 'Plaquettes', 40.00, '2023-01-01', 2),
(7, 'Leucocytes', 40.00, '2023-01-01', 2),
(8, 'VGM', 30.00, '2023-01-01', 3),
(9, 'CCMH', 30.00, '2023-01-01', 3),
(10, 'RDW', 30.00, '2023-01-01', 3);

-- Insertion des types de résultats pour les actes médicaux
INSERT INTO type_resultat_libelle (id, libelle, type_resultat_id, libelle_type_id) VALUES
(1, '10', 1, 1),
(2, '50', 1, 2),
(3, '100', 1, 3),
(4, '15', 2, 1),
(5, '25', 2, 2),
(6, '30', 2, 3),
(7, '2', 3, 1),
(8, '5', 3, 2),
(9, '3', 3, 3),
(10, 'Simple Hb', 3, 4),
(11, 'Simple Ht', 3, 4),
(12, 'Simple Plaquettes', 3, 4),
(13, 'Simple Leucocytes', 3, 4),
(14, 'Texte libre VGM', 3, 4),
(15, 'Texte libre CCMH', 3, 4),
(16, 'Texte libre RDW', 3, 4);

-- Insertion des ordonnance_acte
INSERT INTO ordonnance_acte (id, ordonnance_id, acte_medical_id)
VALUES 
(1, 1, 1), (2, 1, 2), (3, 1, 3), (4, 1, 4),
(5, 2, 5), (6, 2, 6), (7, 2, 7), (8, 2, 8),
(9, 3, 9), (10, 3, 10), (11, 3, 1), (12, 3, 2),
(13, 4, 3), (14, 4, 4), (15, 4, 5), (16, 4, 6),
(17, 5, 7), (18, 5, 8), (19, 5, 9), (20, 5, 10),
(21, 6, 1), (22, 6, 2), (23, 6, 3), (24, 6, 4),
(25, 7, 5), (26, 7, 6), (27, 7, 7), (28, 7, 8),
(29, 8, 9), (30, 8, 10), (31, 8, 1), (32, 8, 2),
(33, 9, 3), (34, 9, 4), (35, 9, 5), (36, 9, 6),
(37, 10, 7), (38, 10, 8), (39, 10, 9), (40, 10, 10),
(41, 11, 1), (42, 11, 2), (43, 11, 3), (44, 11, 4),
(45, 12, 5), (46, 12, 6), (47, 12, 7), (48, 12, 8),
(49, 13, 9), (50, 13, 10), (51, 13, 1), (52, 13, 2),
(53, 14, 3), (54, 14, 4), (55, 14, 5), (56, 14, 6),
(57, 15, 7), (58, 15, 8), (59, 15, 9), (60, 15, 10);

-- Insertion des résultats
INSERT INTO resultat (ordonnance_acte_id, value)
VALUES
(1, '140'), (2, '4.5'), (3, '105'),
(4, '120'), (5, '380'), (6, '30'),
(7, '32'), (8, '250'), (9, '7.5'),
(10, '110'), (11, '36'), (12, '150'),
(13, '5.0'), (14, '350'), (15, '40'),
(16, '130'), (17, '4.0'), (18, '100'),
(19, '125'), (20, '400'), (21, '28'),
(22, '34'), (23, '230'), (24, '6.0'),
(25, '105'), (26, '38'), (27, '160'),
(28, '4.8'), (29, '320'), (30, '35'),
(31, '125'), (32, '3.5'), (33, '95'),
(34, '112'), (35, '360'), (36, '33'),
(37, '30'), (38, '210'), (39, '5.8'),
(40, '100'), (41, '42'), (42, '170'),
(43, '4.2'), (44, '300'), (45, '32'),
(46, '120'), (47, '3.9'), (48, '90'),
(49, '118'), (50, '340'), (51, '31'),
(52, '29'), (53, '200'), (54, '5.5'),
(55, '95'), (56, '40'), (57, '180'),
(58, '4.5'), (59, '280'), (60, '34');

-- Insertion des factures
INSERT INTO facture (ordonnance_id, reference, date_facturation, date_envoi_assurance, date_envoi_complementaire)
VALUES
(1, 'FAC202301', '2023-10-15', '2023-10-20', '2023-10-25'),
(2, 'FAC202302', '2023-10-18', '2023-10-23', '2023-10-28'),
(3, 'FAC202303', '2023-10-22', '2023-10-27', '2023-11-01'),
(4, 'FAC202304', '2023-10-25', '2023-10-30', '2023-11-04'),
(5, 'FAC202305', '2023-10-30', '2023-11-04', '2023-11-09'),
(6, 'FAC202306', '2023-11-15', '2023-11-20', '2023-11-25'),
(7, 'FAC202307', '2023-11-18', '2023-11-23', '2023-11-28'),
(8, 'FAC202308', '2023-11-22', '2023-11-27', '2023-12-02'),
(9, 'FAC202309', '2023-11-25', '2023-11-30', '2023-12-05'),
(10, 'FAC202310', '2023-11-30', '2023-12-05', '2023-12-10'),
(11, 'FAC202311', '2023-12-05', '2023-12-10', '2023-12-15'),
(12, 'FAC202312', '2023-12-12', '2023-12-17', '2023-12-22'),
(13, 'FAC202313', '2023-12-15', '2023-12-20', '2023-12-25'),
(14, 'FAC202314', '2023-12-18', '2023-12-23', '2023-12-28'),
(15, 'FAC202315', '2023-12-22', '2023-12-27', '2023-12-31');